{
    "openapi": "3.0.0",
    "info": {
        "title": "Laravel API Documentation",
        "description": "This is a sample API Documentation.",
        "termsOfService": "http://laravelapi.test/api/terms",
        "contact": {
            "email": "oguzhankm@gmail.com"
        },
        "license": {
            "name": "Apache 2.0",
            "url": "http://www.apache.org/licenses/LICENSE-2.0.html"
        },
        "version": "2.0.0"
    },
    "paths": {
        "/api/products": {
            "get": {
                "tags": [
                    "product"
                ],
                "summary": "List all products",
                "description": "Display a listing of the resource.",
                "operationId": "index",
                "parameters": [
                    {
                        "name": "limit",
                        "in": "query",
                        "description": "How many items to return at one time",
                        "required": false,
                        "schema": {
                            "type": "integer",
                            "format": "int32"
                        }
                    }
                ],
                "responses": {
                    "200": {
                        "description": "A paged array of products",
                        "content": {
                            "application/json": {
                                "schema": {
                                    "type": "array",
                                    "items": {
                                        "$ref": "#/components/schemas/Product"
                                    }
                                }
                            }
                        }
                    },
                    "401": {
                        "description": "Unauthorized",
                        "content": {
                            "application/json": {
                                "schema": {}
                            }
                        }
                    },
                    "default": {
                        "description": "Unexpected Error",
                        "content": {
                            "application/json": {
                                "schema": {}
                            }
                        }
                    }
                }
            },
            "post": {
                "tags": [
                    "product"
                ],
                "summary": "Create a Product",
                "description": "Store a newly created resource in storage.",
                "operationId": "store",
                "requestBody": {
                    "description": "Store a product",
                    "required": true,
                    "content": {
                        "application/json": {
                            "schema": {
                                "$ref": "#/components/schemas/Product"
                            }
                        }
                    }
                },
                "responses": {
                    "201": {
                        "description": "Product created response",
                        "content": {
                            "application/json": {
                                "schema": {
                                    "$ref": "#/components/schemas/ApiResponse"
                                }
                            }
                        }
                    },
                    "401": {
                        "description": "Unauthorized",
                        "content": {
                            "application/json": {
                                "schema": {}
                            }
                        }
                    },
                    "default": {
                        "description": "Unexpected Error",
                        "content": {
                            "application/json": {
                                "schema": {}
                            }
                        }
                    }
                }
            }
        },
        "/api/products/{productId}": {
            "get": {
                "tags": [
                    "product"
                ],
                "summary": "Info for a specific product",
                "description": "Display the specified resource.",
                "operationId": "show",
                "parameters": [
                    {
                        "name": "productId",
                        "in": "path",
                        "description": "The id colomn of the product to retrieve",
                        "required": true,
                        "schema": {
                            "type": "integer",
                            "format": "int32"
                        }
                    }
                ],
                "responses": {
                    "200": {
                        "description": "Product detail response",
                        "content": {
                            "application/json": {
                                "schema": {
                                    "$ref": "#/components/schemas/ApiResponse"
                                }
                            }
                        }
                    },
                    "401": {
                        "description": "Unauthorized",
                        "content": {
                            "application/json": {
                                "schema": {}
                            }
                        }
                    },
                    "default": {
                        "description": "Unexpected Error",
                        "content": {
                            "application/json": {
                                "schema": {}
                            }
                        }
                    }
                }
            },
            "put": {
                "tags": [
                    "product"
                ],
                "summary": "Update a Product",
                "description": "Update the specified resource in storage.",
                "operationId": "update",
                "parameters": [
                    {
                        "name": "productId",
                        "in": "path",
                        "description": "The id colomn of the product to update",
                        "required": true,
                        "schema": {
                            "type": "integer",
                            "format": "int32"
                        }
                    }
                ],
                "requestBody": {
                    "description": "Update a product",
                    "required": true,
                    "content": {
                        "application/json": {
                            "schema": {
                                "$ref": "#/components/schemas/Product"
                            }
                        }
                    }
                },
                "responses": {
                    "200": {
                        "description": "Product updated response",
                        "content": {
                            "application/json": {
                                "schema": {
                                    "$ref": "#/components/schemas/ApiResponse"
                                }
                            }
                        }
                    },
                    "401": {
                        "description": "Unauthorized",
                        "content": {
                            "application/json": {
                                "schema": {}
                            }
                        }
                    },
                    "default": {
                        "description": "Unexpected Error",
                        "content": {
                            "application/json": {
                                "schema": {}
                            }
                        }
                    }
                }
            },
            "delete": {
                "tags": [
                    "product"
                ],
                "summary": "Deletes a Product",
                "description": "Remove the specified resource from storage.",
                "operationId": "destroy",
                "parameters": [
                    {
                        "name": "productId",
                        "in": "path",
                        "description": "The id colomn of the product to delete",
                        "required": true,
                        "schema": {
                            "type": "integer",
                            "format": "int32"
                        }
                    }
                ],
                "responses": {
                    "200": {
                        "description": "Product delete response",
                        "content": {
                            "application/json": {
                                "schema": {
                                    "$ref": "#/components/schemas/ApiResponse"
                                }
                            }
                        }
                    },
                    "401": {
                        "description": "Unauthorized",
                        "content": {
                            "application/json": {
                                "schema": {}
                            }
                        }
                    },
                    "default": {
                        "description": "Unexpected Error",
                        "content": {
                            "application/json": {
                                "schema": {}
                            }
                        }
                    }
                }
            }
        }
    },
    "components": {
        "schemas": {
            "ApiResponse": {
                "title": "ApiResponse",
                "description": "ApiResponse model",
                "properties": {
                    "success": {
                        "type": "boolean"
                    },
                    "data": {
                        "type": "object"
                    },
                    "message": {
                        "type": "string"
                    },
                    "errors": {
                        "type": "object"
                    }
                },
                "type": "object"
            },
            "Product": {
                "title": "Product",
                "description": "Product model",
                "required": [
                    "id",
                    "name"
                ],
                "properties": {
                    "id": {
                        "type": "integer",
                        "format": "int64"
                    },
                    "name": {
                        "type": "string"
                    }
                },
                "type": "object"
            }
        },
        "securitySchemes": {
            "token": {
                "type": "apiKey",
                "name": "token",
                "in": "query"
            },
            "bearerAuth": {
                "type": "http",
                "name": "bearerAuth",
                "in": "header",
                "bearerFormat": "JWT",
                "scheme": "bearer"
            }
        }
    },
    "tags": [
        {
            "name": "product",
            "description": "Product tag description",
            "externalDocs": {
                "description": "Find out more",
                "url": "http://laravelapi.test/api/documentation/moreproduct"
            }
        }
    ]
}